{
	"format_version": "1.21.11",
	"credit": "Made with Blockbench",
	"texture_size": [32, 32],
	"textures": {
		"0": "mikek:item/walingcane_2"
	},
	"elements": [
		{
			"from": [7, 3, 7],
			"to": [9, 6, 9],
			"rotation": {"angle": 0, "axis": "y", "origin": [7, 0, 7]},
			"faces": {
				"north": {"uv": [0, 6, 1, 7.5], "texture": "#0"},
				"east": {"uv": [2, 6, 3, 7.5], "texture": "#0"},
				"south": {"uv": [6, 2, 7, 3.5], "texture": "#0"},
				"west": {"uv": [3, 6, 4, 7.5], "texture": "#0"},
				"up": {"uv": [8.5, 1.5, 7.5, 0.5], "texture": "#0"},
				"down": {"uv": [3.5, 7.5, 2.5, 8.5], "texture": "#0"}
			}
		},
		{
			"from": [7, 6, 7],
			"to": [9, 17, 9],
			"rotation": {"angle": 0, "axis": "y", "origin": [7, 0, 7]},
			"faces": {
				"north": {"uv": [0, 0, 1, 3], "texture": "#0"},
				"east": {"uv": [1, 0, 2, 3], "texture": "#0"},
				"south": {"uv": [2, 0, 3, 3], "texture": "#0"},
				"west": {"uv": [0, 3, 1, 6], "texture": "#0"},
				"up": {"uv": [4.5, 8.5, 3.5, 7.5], "texture": "#0"},
				"down": {"uv": [8.5, 4, 7.5, 5], "texture": "#0"}
			}
		},
		{
			"from": [8, 18, 5],
			"to": [10, 19, 6],
			"rotation": {"angle": 0, "axis": "y", "origin": [7, 17, 7]},
			"faces": {
				"north": {"uv": [11, 3, 12, 3.5], "texture": "#0"},
				"east": {"uv": [0, 12.5, 0.5, 13], "texture": "#0"},
				"south": {"uv": [11, 3.5, 12, 4], "texture": "#0"},
				"west": {"uv": [12.5, 0, 13, 0.5], "texture": "#0"},
				"up": {"uv": [5, 11.5, 4, 11], "texture": "#0"},
				"down": {"uv": [6, 11, 5, 11.5], "texture": "#0"}
			}
		},
		{
			"from": [7, 18, 6],
			"to": [8, 19, 10],
			"rotation": {"angle": 0, "axis": "y", "origin": [7, 17, 7]},
			"faces": {
				"north": {"uv": [11.5, 12, 12, 12.5], "texture": "#0"},
				"east": {"uv": [7, 3, 9, 3.5], "texture": "#0"},
				"south": {"uv": [12, 12, 12.5, 12.5], "texture": "#0"},
				"west": {"uv": [7.5, 0, 9.5, 0.5], "texture": "#0"},
				"up": {"uv": [1, 9.5, 0.5, 7.5], "texture": "#0"},
				"down": {"uv": [2.5, 7.5, 2, 9.5], "texture": "#0"}
			}
		},
		{
			"from": [9, 18, 6],
			"to": [11, 19, 7],
			"rotation": {"angle": 0, "axis": "y", "origin": [7, 17, 7]},
			"faces": {
				"north": {"uv": [6, 11, 7, 11.5], "texture": "#0"},
				"east": {"uv": [12.5, 4, 13, 4.5], "texture": "#0"},
				"south": {"uv": [11, 6, 12, 6.5], "texture": "#0"},
				"west": {"uv": [12.5, 4.5, 13, 5], "texture": "#0"},
				"up": {"uv": [8, 11.5, 7, 11], "texture": "#0"},
				"down": {"uv": [12, 7, 11, 7.5], "texture": "#0"}
			}
		},
		{
			"from": [6, 18, 6],
			"to": [7, 19, 11],
			"rotation": {"angle": 0, "axis": "y", "origin": [7, 17, 7]},
			"faces": {
				"north": {"uv": [10.5, 12, 11, 12.5], "texture": "#0"},
				"east": {"uv": [6.5, 1.5, 9, 2], "texture": "#0"},
				"south": {"uv": [11, 12, 11.5, 12.5], "texture": "#0"},
				"west": {"uv": [6.5, 5.5, 9, 6], "texture": "#0"},
				"up": {"uv": [1.5, 9.5, 1, 7], "texture": "#0"},
				"down": {"uv": [2, 7, 1.5, 9.5], "texture": "#0"}
			}
		},
		{
			"from": [6, 17, 8],
			"to": [7, 18, 10],
			"rotation": {"angle": 0, "axis": "y", "origin": [8, 16, 7]},
			"faces": {
				"north": {"uv": [0, 10, 0.5, 10.5], "texture": "#0"},
				"east": {"uv": [11, 1.5, 12, 2], "texture": "#0"},
				"south": {"uv": [12, 9.5, 12.5, 10], "texture": "#0"},
				"west": {"uv": [3, 11, 4, 11.5], "texture": "#0"},
				"up": {"uv": [3, 4, 2.5, 3], "texture": "#0"},
				"down": {"uv": [2.5, 5, 2, 6], "texture": "#0"}
			}
		},
		{
			"from": [9, 17, 6],
			"to": [10, 18, 11],
			"rotation": {"angle": 0, "axis": "y", "origin": [9, 16, 7]},
			"faces": {
				"north": {"uv": [12.5, 6.5, 13, 7], "texture": "#0"},
				"east": {"uv": [7, 2, 9.5, 2.5], "texture": "#0"},
				"south": {"uv": [7, 12.5, 7.5, 13], "texture": "#0"},
				"west": {"uv": [7, 2.5, 9.5, 3], "texture": "#0"},
				"up": {"uv": [7.5, 9, 7, 6.5], "texture": "#0"},
				"down": {"uv": [0.5, 7.5, 0, 10], "texture": "#0"}
			}
		},
		{
			"from": [8, 18, 6],
			"to": [9, 19, 7],
			"rotation": {"angle": 0, "axis": "y", "origin": [7, 17, 7]},
			"faces": {
				"north": {"uv": [0.5, 12.5, 1, 13], "texture": "#0"},
				"east": {"uv": [1.5, 12.5, 2, 13], "texture": "#0"},
				"south": {"uv": [12.5, 2, 13, 2.5], "texture": "#0"},
				"west": {"uv": [12.5, 2.5, 13, 3], "texture": "#0"},
				"up": {"uv": [3.5, 13, 3, 12.5], "texture": "#0"},
				"down": {"uv": [4, 12.5, 3.5, 13], "texture": "#0"}
			}
		},
		{
			"from": [8, 18, 6],
			"to": [10, 19, 6],
			"rotation": {"angle": 0, "axis": "y", "origin": [7, 17, 7]},
			"faces": {
				"north": {"uv": [11, 5, 12, 5.5], "texture": "#0"},
				"east": {"uv": [0, 0, 0, 0.5], "texture": "#0"},
				"south": {"uv": [11, 5.5, 12, 6], "texture": "#0"},
				"west": {"uv": [0, 0, 0, 0.5], "texture": "#0"},
				"up": {"uv": [1, 0, 0, 0], "texture": "#0"},
				"down": {"uv": [1, 0, 0, 0], "texture": "#0"}
			}
		},
		{
			"from": [7, 19, 10],
			"to": [9, 20, 11],
			"rotation": {"angle": 0, "axis": "y", "origin": [7, 18, 4]},
			"faces": {
				"north": {"uv": [12, 5, 13, 5.5], "texture": "#0"},
				"east": {"uv": [3.5, 13, 4, 13.5], "texture": "#0"},
				"south": {"uv": [12, 5.5, 13, 6], "texture": "#0"},
				"west": {"uv": [13, 3.5, 13.5, 4], "texture": "#0"},
				"up": {"uv": [7, 12.5, 6, 12], "texture": "#0"},
				"down": {"uv": [13, 6, 12, 6.5], "texture": "#0"}
			}
		},
		{
			"from": [5, 17, 7],
			"to": [6, 18, 9],
			"rotation": {"angle": 0, "axis": "y", "origin": [5, 16, 7]},
			"faces": {
				"north": {"uv": [7.5, 12.5, 8, 13], "texture": "#0"},
				"east": {"uv": [11, 8, 12, 8.5], "texture": "#0"},
				"south": {"uv": [8, 12.5, 8.5, 13], "texture": "#0"},
				"west": {"uv": [11, 9, 12, 9.5], "texture": "#0"},
				"up": {"uv": [7, 10.5, 6.5, 9.5], "texture": "#0"},
				"down": {"uv": [10, 11, 9.5, 12], "texture": "#0"}
			}
		},
		{
			"from": [8, 18, 7],
			"to": [10, 19, 10],
			"rotation": {"angle": 0, "axis": "y", "origin": [7, 17, 7]},
			"faces": {
				"north": {"uv": [11, 7.5, 12, 8], "texture": "#0"},
				"east": {"uv": [7.5, 5, 9, 5.5], "texture": "#0"},
				"south": {"uv": [8, 11, 9, 11.5], "texture": "#0"},
				"west": {"uv": [5.5, 10.5, 7, 11], "texture": "#0"},
				"up": {"uv": [5, 7.5, 4, 6], "texture": "#0"},
				"down": {"uv": [6, 6, 5, 7.5], "texture": "#0"}
			}
		},
		{
			"from": [7, 18, 10],
			"to": [9, 19, 11],
			"rotation": {"angle": 0, "axis": "y", "origin": [6, 17, 7]},
			"faces": {
				"north": {"uv": [11.5, 11, 12.5, 11.5], "texture": "#0"},
				"east": {"uv": [12.5, 11.5, 13, 12], "texture": "#0"},
				"south": {"uv": [11.5, 11.5, 12.5, 12], "texture": "#0"},
				"west": {"uv": [12, 12.5, 12.5, 13], "texture": "#0"},
				"up": {"uv": [1, 12.5, 0, 12], "texture": "#0"},
				"down": {"uv": [13, 0.5, 12, 1], "texture": "#0"}
			}
		},
		{
			"from": [7, 17, 5],
			"to": [8, 18, 11],
			"rotation": {"angle": 0, "axis": "y", "origin": [7, 16, 7]},
			"faces": {
				"north": {"uv": [5, 12.5, 5.5, 13], "texture": "#0"},
				"east": {"uv": [6, 3.5, 9, 4], "texture": "#0"},
				"south": {"uv": [5.5, 12.5, 6, 13], "texture": "#0"},
				"west": {"uv": [6, 6, 9, 6.5], "texture": "#0"},
				"up": {"uv": [6.5, 9.5, 6, 6.5], "texture": "#0"},
				"down": {"uv": [7, 6.5, 6.5, 9.5], "texture": "#0"}
			}
		},
		{
			"from": [8, 17, 7],
			"to": [9, 18, 10],
			"rotation": {"angle": 0, "axis": "y", "origin": [10, 16, 7]},
			"faces": {
				"north": {"uv": [2, 13, 2.5, 13.5], "texture": "#0"},
				"east": {"uv": [7.5, 10.5, 9, 11], "texture": "#0"},
				"south": {"uv": [13, 2, 13.5, 2.5], "texture": "#0"},
				"west": {"uv": [10.5, 8.5, 12, 9], "texture": "#0"},
				"up": {"uv": [9.5, 12, 9, 10.5], "texture": "#0"},
				"down": {"uv": [11, 9, 10.5, 10.5], "texture": "#0"}
			}
		},
		{
			"from": [10, 17, 9],
			"to": [11, 18, 10],
			"rotation": {"angle": 0, "axis": "y", "origin": [12, 16, 7]},
			"faces": {
				"north": {"uv": [12.5, 12, 13, 12.5], "texture": "#0"},
				"east": {"uv": [12.5, 12.5, 13, 13], "texture": "#0"},
				"south": {"uv": [0, 13, 0.5, 13.5], "texture": "#0"},
				"west": {"uv": [13, 0, 13.5, 0.5], "texture": "#0"},
				"up": {"uv": [1, 13.5, 0.5, 13], "texture": "#0"},
				"down": {"uv": [13.5, 0.5, 13, 1], "texture": "#0"}
			}
		},
		{
			"from": [5, 18, 8],
			"to": [6, 19, 10],
			"rotation": {"angle": 0, "axis": "y", "origin": [7, 17, 7]},
			"faces": {
				"north": {"uv": [1.5, 13, 2, 13.5], "texture": "#0"},
				"east": {"uv": [12, 1, 13, 1.5], "texture": "#0"},
				"south": {"uv": [13, 1.5, 13.5, 2], "texture": "#0"},
				"west": {"uv": [12, 1.5, 13, 2], "texture": "#0"},
				"up": {"uv": [1.5, 13, 1, 12], "texture": "#0"},
				"down": {"uv": [2.5, 12, 2, 13], "texture": "#0"}
			}
		},
		{
			"from": [7, 19, 6],
			"to": [10, 20, 10],
			"rotation": {"angle": 0, "axis": "y", "origin": [7, 18, 4]},
			"faces": {
				"north": {"uv": [9.5, 10.5, 11, 11], "texture": "#0"},
				"east": {"uv": [9.5, 1, 11.5, 1.5], "texture": "#0"},
				"south": {"uv": [1.5, 11, 3, 11.5], "texture": "#0"},
				"west": {"uv": [1.5, 9.5, 3.5, 10], "texture": "#0"},
				"up": {"uv": [4.5, 2, 3, 0], "texture": "#0"},
				"down": {"uv": [2.5, 3, 1, 5], "texture": "#0"}
			}
		},
		{
			"from": [10, 18, 7],
			"to": [11, 19, 9],
			"rotation": {"angle": 0, "axis": "y", "origin": [7, 17, 7]},
			"faces": {
				"north": {"uv": [12.5, 10.5, 13, 11], "texture": "#0"},
				"east": {"uv": [11, 9.5, 12, 10], "texture": "#0"},
				"south": {"uv": [11, 12.5, 11.5, 13], "texture": "#0"},
				"west": {"uv": [10, 11, 11, 11.5], "texture": "#0"},
				"up": {"uv": [11.5, 11, 11, 10], "texture": "#0"},
				"down": {"uv": [11.5, 11, 11, 12], "texture": "#0"}
			}
		},
		{
			"from": [10, 17, 7],
			"to": [11, 18, 8],
			"rotation": {"angle": 0, "axis": "y", "origin": [12, 16, 5]},
			"faces": {
				"north": {"uv": [8.5, 12.5, 9, 13], "texture": "#0"},
				"east": {"uv": [9.5, 12.5, 10, 13], "texture": "#0"},
				"south": {"uv": [12.5, 9.5, 13, 10], "texture": "#0"},
				"west": {"uv": [10, 12.5, 10.5, 13], "texture": "#0"},
				"up": {"uv": [13, 10.5, 12.5, 10], "texture": "#0"},
				"down": {"uv": [11, 12.5, 10.5, 13], "texture": "#0"}
			}
		},
		{
			"from": [7, 19, 5],
			"to": [9, 20, 6],
			"rotation": {"angle": 0, "axis": "y", "origin": [7, 18, 4]},
			"faces": {
				"north": {"uv": [7, 12, 8, 12.5], "texture": "#0"},
				"east": {"uv": [4, 13, 4.5, 13.5], "texture": "#0"},
				"south": {"uv": [12, 7, 13, 7.5], "texture": "#0"},
				"west": {"uv": [13, 4, 13.5, 4.5], "texture": "#0"},
				"up": {"uv": [13, 8, 12, 7.5], "texture": "#0"},
				"down": {"uv": [9, 12, 8, 12.5], "texture": "#0"}
			}
		},
		{
			"from": [6, 19, 6],
			"to": [7, 20, 10],
			"rotation": {"angle": 0, "axis": "y", "origin": [7, 18, 4]},
			"faces": {
				"north": {"uv": [3, 13, 3.5, 13.5], "texture": "#0"},
				"east": {"uv": [9, 1.5, 11, 2], "texture": "#0"},
				"south": {"uv": [13, 3, 13.5, 3.5], "texture": "#0"},
				"west": {"uv": [9, 6, 11, 6.5], "texture": "#0"},
				"up": {"uv": [6, 9.5, 5.5, 7.5], "texture": "#0"},
				"down": {"uv": [7.5, 9, 7, 11], "texture": "#0"}
			}
		},
		{
			"from": [7, 20, 9],
			"to": [9, 23, 10],
			"rotation": {"angle": 0, "axis": "y", "origin": [7, 19, 7]},
			"faces": {
				"north": {"uv": [6.5, 0, 7.5, 1.5], "texture": "#0"},
				"east": {"uv": [1, 10.5, 1.5, 12], "texture": "#0"},
				"south": {"uv": [6.5, 4, 7.5, 5.5], "texture": "#0"},
				"west": {"uv": [10.5, 7, 11, 8.5], "texture": "#0"},
				"up": {"uv": [1, 12, 0, 11.5], "texture": "#0"},
				"down": {"uv": [12.5, 0, 11.5, 0.5], "texture": "#0"}
			}
		},
		{
			"from": [7, 21, 10],
			"to": [9, 23, 11],
			"rotation": {"angle": 0, "axis": "y", "origin": [7, 19, 7]},
			"faces": {
				"north": {"uv": [4.5, 7.5, 5.5, 8.5], "texture": "#0"},
				"east": {"uv": [11.5, 0.5, 12, 1.5], "texture": "#0"},
				"south": {"uv": [7.5, 6.5, 8.5, 7.5], "texture": "#0"},
				"west": {"uv": [1.5, 11.5, 2, 12.5], "texture": "#0"},
				"up": {"uv": [3, 12, 2, 11.5], "texture": "#0"},
				"down": {"uv": [12.5, 2, 11.5, 2.5], "texture": "#0"}
			}
		},
		{
			"from": [7, 23, 9],
			"to": [9, 25, 11],
			"rotation": {"angle": 0, "axis": "y", "origin": [7, 19, 7]},
			"faces": {
				"north": {"uv": [7.5, 7.5, 8.5, 8.5], "texture": "#0"},
				"east": {"uv": [8.5, 0.5, 9.5, 1.5], "texture": "#0"},
				"south": {"uv": [2.5, 8.5, 3.5, 9.5], "texture": "#0"},
				"west": {"uv": [3.5, 8.5, 4.5, 9.5], "texture": "#0"},
				"up": {"uv": [9.5, 5, 8.5, 4], "texture": "#0"},
				"down": {"uv": [5.5, 8.5, 4.5, 9.5], "texture": "#0"}
			}
		},
		{
			"from": [7, 22, 11],
			"to": [9, 24, 12],
			"rotation": {"angle": 0, "axis": "y", "origin": [7, 19, 7]},
			"faces": {
				"north": {"uv": [8.5, 6.5, 9.5, 7.5], "texture": "#0"},
				"east": {"uv": [3, 11.5, 3.5, 12.5], "texture": "#0"},
				"south": {"uv": [7.5, 8.5, 8.5, 9.5], "texture": "#0"},
				"west": {"uv": [3.5, 11.5, 4, 12.5], "texture": "#0"},
				"up": {"uv": [12.5, 3, 11.5, 2.5], "texture": "#0"},
				"down": {"uv": [5, 11.5, 4, 12], "texture": "#0"}
			}
		},
		{
			"from": [7, 22, 4],
			"to": [9, 24, 5],
			"rotation": {"angle": 0, "axis": "y", "origin": [7, 19, 3]},
			"faces": {
				"north": {"uv": [8.5, 7.5, 9.5, 8.5], "texture": "#0"},
				"east": {"uv": [5, 11.5, 5.5, 12.5], "texture": "#0"},
				"south": {"uv": [8.5, 8.5, 9.5, 9.5], "texture": "#0"},
				"west": {"uv": [5.5, 11.5, 6, 12.5], "texture": "#0"},
				"up": {"uv": [7, 12, 6, 11.5], "texture": "#0"},
				"down": {"uv": [8, 11.5, 7, 12], "texture": "#0"}
			}
		},
		{
			"from": [7, 20, 6],
			"to": [9, 21, 7],
			"rotation": {"angle": 0, "axis": "y", "origin": [7, 19, 3]},
			"faces": {
				"north": {"uv": [8, 11.5, 9, 12], "texture": "#0"},
				"east": {"uv": [12.5, 11, 13, 11.5], "texture": "#0"},
				"south": {"uv": [10, 11.5, 11, 12], "texture": "#0"},
				"west": {"uv": [11.5, 12.5, 12, 13], "texture": "#0"},
				"up": {"uv": [12.5, 10.5, 11.5, 10], "texture": "#0"},
				"down": {"uv": [12.5, 10.5, 11.5, 11], "texture": "#0"}
			}
		},
		{
			"from": [7, 21, 5],
			"to": [9, 25, 7],
			"rotation": {"angle": 0, "axis": "y", "origin": [7, 19, 3]},
			"faces": {
				"north": {"uv": [3, 2, 4, 4], "texture": "#0"},
				"east": {"uv": [4, 2, 5, 4], "texture": "#0"},
				"south": {"uv": [2.5, 4, 3.5, 6], "texture": "#0"},
				"west": {"uv": [3.5, 4, 4.5, 6], "texture": "#0"},
				"up": {"uv": [10, 4, 9, 3], "texture": "#0"},
				"down": {"uv": [10, 5, 9, 6], "texture": "#0"}
			}
		},
		{
			"from": [7, 20, 7],
			"to": [9, 24, 9],
			"rotation": {"angle": 0, "axis": "y", "origin": [7, 19, 3]},
			"faces": {
				"north": {"uv": [4.5, 0, 5.5, 2], "texture": "#0"},
				"east": {"uv": [4.5, 4, 5.5, 6], "texture": "#0"},
				"south": {"uv": [1, 5, 2, 7], "texture": "#0"},
				"west": {"uv": [5, 2, 6, 4], "texture": "#0"},
				"up": {"uv": [10.5, 1, 9.5, 0], "texture": "#0"},
				"down": {"uv": [1.5, 9.5, 0.5, 10.5], "texture": "#0"}
			}
		},
		{
			"from": [9, 2, 7],
			"to": [10, 3, 9],
			"rotation": {"angle": 0, "axis": "y", "origin": [7, 1, 7]},
			"faces": {
				"north": {"uv": [2.5, 13, 3, 13.5], "texture": "#0"},
				"east": {"uv": [12, 3, 13, 3.5], "texture": "#0"},
				"south": {"uv": [13, 2.5, 13.5, 3], "texture": "#0"},
				"west": {"uv": [12, 3.5, 13, 4], "texture": "#0"},
				"up": {"uv": [3, 13, 2.5, 12], "texture": "#0"},
				"down": {"uv": [4.5, 12, 4, 13], "texture": "#0"}
			}
		},
		{
			"from": [7, 20, 2],
			"to": [9, 22, 4],
			"rotation": {"angle": 0, "axis": "y", "origin": [7, 20, 2]},
			"faces": {
				"north": {"uv": [9.5, 2, 10.5, 3], "texture": "#0"},
				"east": {"uv": [3.5, 9.5, 4.5, 10.5], "texture": "#0"},
				"south": {"uv": [9.5, 4, 10.5, 5], "texture": "#0"},
				"west": {"uv": [4.5, 9.5, 5.5, 10.5], "texture": "#0"},
				"up": {"uv": [6.5, 10.5, 5.5, 9.5], "texture": "#0"},
				"down": {"uv": [10.5, 6.5, 9.5, 7.5], "texture": "#0"}
			}
		},
		{
			"from": [7, 20, 12],
			"to": [9, 22, 14],
			"rotation": {"angle": 0, "axis": "y", "origin": [7, 20, 12]},
			"faces": {
				"north": {"uv": [7.5, 9.5, 8.5, 10.5], "texture": "#0"},
				"east": {"uv": [9.5, 7.5, 10.5, 8.5], "texture": "#0"},
				"south": {"uv": [8.5, 9.5, 9.5, 10.5], "texture": "#0"},
				"west": {"uv": [9.5, 8.5, 10.5, 9.5], "texture": "#0"},
				"up": {"uv": [10.5, 10.5, 9.5, 9.5], "texture": "#0"},
				"down": {"uv": [2.5, 10, 1.5, 11], "texture": "#0"}
			}
		},
		{
			"from": [7, 0, 8],
			"to": [9, 2, 10],
			"rotation": {"angle": -45, "axis": "x", "origin": [7, 0, 8]},
			"faces": {
				"north": {"uv": [2.5, 10, 3.5, 11], "texture": "#0"},
				"east": {"uv": [10, 3, 11, 4], "texture": "#0"},
				"south": {"uv": [10, 5, 11, 6], "texture": "#0"},
				"west": {"uv": [0, 10.5, 1, 11.5], "texture": "#0"},
				"up": {"uv": [11.5, 1, 10.5, 0], "texture": "#0"},
				"down": {"uv": [11.5, 2, 10.5, 3], "texture": "#0"}
			}
		},
		{
			"from": [6, 2, 7],
			"to": [7, 3, 9],
			"rotation": {"angle": 0, "axis": "y", "origin": [7, 1, 7]},
			"faces": {
				"north": {"uv": [5, 13, 5.5, 13.5], "texture": "#0"},
				"east": {"uv": [12, 8, 13, 8.5], "texture": "#0"},
				"south": {"uv": [13, 5, 13.5, 5.5], "texture": "#0"},
				"west": {"uv": [12, 8.5, 13, 9], "texture": "#0"},
				"up": {"uv": [5, 13, 4.5, 12], "texture": "#0"},
				"down": {"uv": [9.5, 12, 9, 13], "texture": "#0"}
			}
		},
		{
			"from": [7, 2, 6],
			"to": [9, 3, 10],
			"rotation": {"angle": 0, "axis": "y", "origin": [7, 1, 7]},
			"faces": {
				"north": {"uv": [12, 9, 13, 9.5], "texture": "#0"},
				"east": {"uv": [10.5, 4.5, 12.5, 5], "texture": "#0"},
				"south": {"uv": [9.5, 12, 10.5, 12.5], "texture": "#0"},
				"west": {"uv": [10.5, 6.5, 12.5, 7], "texture": "#0"},
				"up": {"uv": [6.5, 2, 5.5, 0], "texture": "#0"},
				"down": {"uv": [6.5, 4, 5.5, 6], "texture": "#0"}
			}
		}
	],
	"display": {
		"thirdperson_righthand": {
			"translation": [0, -4, 0],
			"scale": [0.75, 0.75, 0.75]
		},
		"thirdperson_lefthand": {
			"translation": [0, -4, 0],
			"scale": [0.75, 0.75, 0.75]
		},
		"firstperson_righthand": {
			"translation": [0, -6, 0]
		},
		"firstperson_lefthand": {
			"translation": [0, -6, 0]
		},
		"ground": {
			"translation": [0, 4, 0],
			"scale": [0.75, 0.75, 0.75]
		},
		"gui": {
			"rotation": [0, 60, 0],
			"translation": [0, -1.5, 0],
			"scale": [0.5, 0.5, 0.5]
		},
		"fixed": {
			"rotation": [0, 90, 0],
			"translation": [0, -3, 0],
			"scale": [0.75, 0.75, 0.75]
		},
		"on_shelf": {
			"rotation": [0, 90, 0]
		}
	},
	"groups": [
		{
			"name": "group",
			"origin": [8, 8, 8],
			"color": 0,
			"children": [
				0,
				1,
				{
					"name": "group",
					"origin": [7, 13, 4],
					"color": 0,
					"children": [2, 3, 4, 5, 6, 7, 8, 9, 10, 11, 12, 13, 14, 15, 16, 17, 18, 19, 20, 21, 22]
				},
				{
					"name": "group",
					"origin": [8, 8, 8],
					"color": 0,
					"children": [23, 24, 25, 26, 27, 28, 29, 30]
				},
				31,
				32,
				33,
				34,
				35,
				36
			]
		}
	]
}