{
  "model": {
    "type": "minecraft:range_dispatch",
    "property": "minecraft:custom_model_data",
    "index": 0,
    "entries": [
      {
        "threshold": 1000.0,
        "model": {
          "type": "minecraft:model",
          "model": "mikek:item/walkingcane_0"
        }
      },
      {
        "threshold": 3021.0,
        "model": {
          "type": "minecraft:model",
          "model": "mikek:item/flower_hat"
        }
      },
      {
        "threshold": 3022.0,
        "model": {
          "type": "minecraft:model",
          "model": "mikek:item/wither_flower_hat"
        }
      },
      {
        "threshold": 1001.0,
        "model": {
          "type": "minecraft:model",
          "model": "mikek:item/walkingcane_1"
        }
      },
      {
        "threshold": 1002.0,
        "model": {
          "type": "minecraft:model",
          "model": "mikek:item/walkingcane_2"
        }
      },
      {
        "threshold": 1003.0,
        "model": {
          "type": "minecraft:model",
          "model": "mikek:item/walkingcane_3"
        }
      },
      {
        "threshold": 1004.0,
        "model": {
          "type": "minecraft:model",
          "model": "mikek:item/walkingcane_4"
        }
      }
    ],
    "fallback": {
      "type": "minecraft:model",
      "model": "item/stick"
    }
  }
}