{
	"format_version": "1.21.11",
	"credit": "Made with Blockbench",
	"texture_size": [32, 32],
	"textures": {
		"0": "mikek:item/flower_hat"
	},
	"elements": [
		{
			"from": [-1, -1, 0],
			"to": [2, 1, 1],
			"faces": {
				"north": {"uv": [10, 8, 11.5, 9], "texture": "#0"},
				"east": {"uv": [7.5, 0.5, 8, 1.5], "texture": "#0"},
				"south": {"uv": [6, 11, 7.5, 12], "texture": "#0"},
				"west": {"uv": [0, 2, 0.5, 3], "texture": "#0"},
				"up": {"uv": [1.5, 11, 0, 10.5], "texture": "#0"},
				"down": {"uv": [3, 10.5, 1.5, 11], "texture": "#0"}
			}
		},
		{
			"from": [0, 1, 0],
			"to": [2, 2, 1],
			"faces": {
				"north": {"uv": [10, 7.5, 11, 8], "texture": "#0"},
				"east": {"uv": [7.5, 0, 8, 0.5], "texture": "#0"},
				"south": {"uv": [6.5, 10.5, 7.5, 11], "texture": "#0"},
				"west": {"uv": [0, 1.5, 0.5, 2], "texture": "#0"},
				"up": {"uv": [1, 11, 0, 10.5], "texture": "#0"},
				"down": {"uv": [2.5, 10.5, 1.5, 11], "texture": "#0"}
			}
		},
		{
			"from": [-1, -1, 1],
			"to": [2, 2, 3],
			"faces": {
				"north": {"uv": [10, 7.5, 11.5, 9], "texture": "#0"},
				"east": {"uv": [6.5, 0, 7.5, 1.5], "texture": "#0"},
				"south": {"uv": [6, 10.5, 7.5, 12], "texture": "#0"},
				"west": {"uv": [0.5, 1.5, 1.5, 3], "texture": "#0"},
				"up": {"uv": [1.5, 10.5, 0, 9.5], "texture": "#0"},
				"down": {"uv": [3, 9.5, 1.5, 10.5], "texture": "#0"}
			}
		},
		{
			"from": [-1, 0, 3],
			"to": [2, 1, 4],
			"faces": {
				"north": {"uv": [10, 8, 11.5, 8.5], "texture": "#0"},
				"east": {"uv": [6, 0.5, 6.5, 1], "texture": "#0"},
				"south": {"uv": [6, 11, 7.5, 11.5], "texture": "#0"},
				"west": {"uv": [1.5, 2, 2, 2.5], "texture": "#0"},
				"up": {"uv": [1.5, 9.5, 0, 9], "texture": "#0"},
				"down": {"uv": [3, 9, 1.5, 9.5], "texture": "#0"}
			}
		},
		{
			"from": [-1, -1, 4],
			"to": [2, 1, 15],
			"faces": {
				"north": {"uv": [10, 8, 11.5, 9], "texture": "#0"},
				"east": {"uv": [0.5, 0.5, 6, 1.5], "texture": "#0"},
				"south": {"uv": [6, 11, 7.5, 12], "texture": "#0"},
				"west": {"uv": [2, 2, 7.5, 3], "texture": "#0"},
				"up": {"uv": [1.5, 9, 0, 3.5], "texture": "#0"},
				"down": {"uv": [3, 3.5, 1.5, 9], "texture": "#0"}
			}
		},
		{
			"from": [-1, 1, 3],
			"to": [2, 2, 15],
			"faces": {
				"north": {"uv": [10, 7.5, 11.5, 8], "texture": "#0"},
				"east": {"uv": [0.5, 0, 6.5, 0.5], "texture": "#0"},
				"south": {"uv": [6, 10.5, 7.5, 11], "texture": "#0"},
				"west": {"uv": [1.5, 1.5, 7.5, 2], "texture": "#0"},
				"up": {"uv": [1.5, 9.5, 0, 3.5], "texture": "#0"},
				"down": {"uv": [3, 3.5, 1.5, 9.5], "texture": "#0"}
			}
		},
		{
			"from": [-1, -1, 15],
			"to": [0, 1, 16],
			"faces": {
				"north": {"uv": [11, 8, 11.5, 9], "texture": "#0"},
				"east": {"uv": [0, 0.5, 0.5, 1.5], "texture": "#0"},
				"south": {"uv": [6, 11, 6.5, 12], "texture": "#0"},
				"west": {"uv": [7.5, 2, 8, 3], "texture": "#0"},
				"up": {"uv": [1.5, 3.5, 1, 3], "texture": "#0"},
				"down": {"uv": [3, 3, 2.5, 3.5], "texture": "#0"}
			}
		},
		{
			"from": [0, -1, 15],
			"to": [2, 2, 16],
			"faces": {
				"north": {"uv": [10, 7.5, 11, 9], "texture": "#0"},
				"east": {"uv": [0, 0, 0.5, 1.5], "texture": "#0"},
				"south": {"uv": [6.5, 10.5, 7.5, 12], "texture": "#0"},
				"west": {"uv": [7.5, 1.5, 8, 3], "texture": "#0"},
				"up": {"uv": [1, 3.5, 0, 3], "texture": "#0"},
				"down": {"uv": [2.5, 3, 1.5, 3.5], "texture": "#0"}
			}
		},
		{
			"from": [2, -1, -1],
			"to": [4, 0, 2],
			"faces": {
				"north": {"uv": [9, 4, 10, 4.5], "texture": "#0"},
				"east": {"uv": [7.5, 11.5, 9, 12], "texture": "#0"},
				"south": {"uv": [3, 5.5, 4, 6], "texture": "#0"},
				"west": {"uv": [9, 11.5, 10.5, 12], "texture": "#0"},
				"up": {"uv": [10, 7.5, 9, 6], "texture": "#0"},
				"down": {"uv": [10, 7.5, 9, 9], "texture": "#0"}
			}
		},
		{
			"from": [2, 0, -1],
			"to": [6, 1, 2],
			"faces": {
				"north": {"uv": [8, 3.5, 10, 4], "texture": "#0"},
				"east": {"uv": [7.5, 11, 9, 11.5], "texture": "#0"},
				"south": {"uv": [3, 5, 5, 5.5], "texture": "#0"},
				"west": {"uv": [9, 11, 10.5, 11.5], "texture": "#0"},
				"up": {"uv": [10, 7.5, 8, 6], "texture": "#0"},
				"down": {"uv": [10, 7.5, 8, 9], "texture": "#0"}
			}
		},
		{
			"from": [6, -1, -1],
			"to": [12, 1, 2],
			"faces": {
				"north": {"uv": [5, 3.5, 8, 4.5], "texture": "#0"},
				"east": {"uv": [7.5, 11, 9, 12], "texture": "#0"},
				"south": {"uv": [5, 5, 8, 6], "texture": "#0"},
				"west": {"uv": [9, 11, 10.5, 12], "texture": "#0"},
				"up": {"uv": [8, 7.5, 5, 6], "texture": "#0"},
				"down": {"uv": [8, 7.5, 5, 9], "texture": "#0"}
			}
		},
		{
			"from": [2, 1, -1],
			"to": [11, 2, 2],
			"faces": {
				"north": {"uv": [5.5, 3, 10, 3.5], "texture": "#0"},
				"east": {"uv": [7.5, 10.5, 9, 11], "texture": "#0"},
				"south": {"uv": [3, 4.5, 7.5, 5], "texture": "#0"},
				"west": {"uv": [9, 10.5, 10.5, 11], "texture": "#0"},
				"up": {"uv": [10, 7.5, 5.5, 6], "texture": "#0"},
				"down": {"uv": [10, 7.5, 5.5, 9], "texture": "#0"}
			}
		},
		{
			"from": [12, -1, -1],
			"to": [15, 2, 2],
			"faces": {
				"north": {"uv": [3.5, 3, 5, 4.5], "texture": "#0"},
				"east": {"uv": [7.5, 10.5, 9, 12], "texture": "#0"},
				"south": {"uv": [8, 4.5, 9.5, 6], "texture": "#0"},
				"west": {"uv": [9, 10.5, 10.5, 12], "texture": "#0"},
				"up": {"uv": [5, 7.5, 3.5, 6], "texture": "#0"},
				"down": {"uv": [5, 7.5, 3.5, 9], "texture": "#0"}
			}
		},
		{
			"from": [15, -1, -1],
			"to": [16, 1, 1],
			"faces": {
				"north": {"uv": [3, 3.5, 3.5, 4.5], "texture": "#0"},
				"east": {"uv": [8, 11, 9, 12], "texture": "#0"},
				"south": {"uv": [9.5, 5, 10, 6], "texture": "#0"},
				"west": {"uv": [9, 11, 10, 12], "texture": "#0"},
				"up": {"uv": [3.5, 7.5, 3, 6.5], "texture": "#0"},
				"down": {"uv": [3.5, 8, 3, 9], "texture": "#0"}
			}
		},
		{
			"from": [15, 1, -1],
			"to": [15, 2, 2],
			"faces": {
				"north": {"uv": [3.5, 3, 3.5, 3.5], "texture": "#0"},
				"east": {"uv": [7.5, 10.5, 9, 11], "texture": "#0"},
				"south": {"uv": [9.5, 4.5, 9.5, 5], "texture": "#0"},
				"west": {"uv": [9, 10.5, 10.5, 11], "texture": "#0"},
				"up": {"uv": [3.5, 7.5, 3.5, 6], "texture": "#0"},
				"down": {"uv": [3.5, 7.5, 3.5, 9], "texture": "#0"}
			}
		},
		{
			"from": [15, 1, -1],
			"to": [16, 1, 2],
			"faces": {
				"north": {"uv": [3, 3.5, 3.5, 3.5], "texture": "#0"},
				"east": {"uv": [7.5, 11, 9, 11], "texture": "#0"},
				"south": {"uv": [9.5, 5, 10, 5], "texture": "#0"},
				"west": {"uv": [9, 11, 10.5, 11], "texture": "#0"},
				"up": {"uv": [3.5, 7.5, 3, 6], "texture": "#0"},
				"down": {"uv": [3.5, 7.5, 3, 9], "texture": "#0"}
			}
		},
		{
			"from": [14, -1, 2],
			"to": [15, 0, 16],
			"rotation": {"angle": 0, "axis": "y", "origin": [14, 0, 14]},
			"faces": {
				"north": {"uv": [11.5, 11.5, 12, 12], "texture": "#0"},
				"east": {"uv": [8, 1, 15, 1.5], "texture": "#0"},
				"south": {"uv": [0, 12, 0.5, 12.5], "texture": "#0"},
				"west": {"uv": [8, 2.5, 15, 3], "texture": "#0"},
				"up": {"uv": [4.5, 16, 4, 9], "texture": "#0"},
				"down": {"uv": [6, 9, 5.5, 16], "texture": "#0"}
			}
		},
		{
			"from": [14, 0, 2],
			"to": [15, 2, 6],
			"rotation": {"angle": 0, "axis": "y", "origin": [14, 0, 14]},
			"faces": {
				"north": {"uv": [11.5, 10.5, 12, 11.5], "texture": "#0"},
				"east": {"uv": [13, 0, 15, 1], "texture": "#0"},
				"south": {"uv": [0, 11, 0.5, 12], "texture": "#0"},
				"west": {"uv": [8, 1.5, 10, 2.5], "texture": "#0"},
				"up": {"uv": [4.5, 16, 4, 14], "texture": "#0"},
				"down": {"uv": [6, 14, 5.5, 16], "texture": "#0"}
			}
		},
		{
			"from": [15, -1, 2],
			"to": [16, 1, 3],
			"rotation": {"angle": 0, "axis": "y", "origin": [14, 0, 14]},
			"faces": {
				"north": {"uv": [11, 11, 11.5, 12], "texture": "#0"},
				"east": {"uv": [14.5, 0.5, 15, 1.5], "texture": "#0"},
				"south": {"uv": [0.5, 11.5, 1, 12.5], "texture": "#0"},
				"west": {"uv": [8, 2, 8.5, 3], "texture": "#0"},
				"up": {"uv": [4, 16, 3.5, 15.5], "texture": "#0"},
				"down": {"uv": [5.5, 15.5, 5, 16], "texture": "#0"}
			}
		},
		{
			"from": [16, -1, 2],
			"to": [17, 2, 3],
			"rotation": {"angle": 0, "axis": "y", "origin": [14, 0, 14]},
			"faces": {
				"north": {"uv": [10.5, 10.5, 11, 12], "texture": "#0"},
				"east": {"uv": [14.5, 0, 15, 1.5], "texture": "#0"},
				"south": {"uv": [1, 11, 1.5, 12.5], "texture": "#0"},
				"west": {"uv": [8, 1.5, 8.5, 3], "texture": "#0"},
				"up": {"uv": [3.5, 16, 3, 15.5], "texture": "#0"},
				"down": {"uv": [5, 15.5, 4.5, 16], "texture": "#0"}
			}
		},
		{
			"from": [15, -1, 3],
			"to": [17, 0, 11],
			"rotation": {"angle": 0, "axis": "y", "origin": [14, 0, 14]},
			"faces": {
				"north": {"uv": [10.5, 11.5, 11.5, 12], "texture": "#0"},
				"east": {"uv": [10.5, 1, 14.5, 1.5], "texture": "#0"},
				"south": {"uv": [0.5, 12, 1.5, 12.5], "texture": "#0"},
				"west": {"uv": [8.5, 2.5, 12.5, 3], "texture": "#0"},
				"up": {"uv": [4, 15.5, 3, 11.5], "texture": "#0"},
				"down": {"uv": [5.5, 11.5, 4.5, 15.5], "texture": "#0"}
			}
		},
		{
			"from": [15, 0, 3],
			"to": [17, 0, 12],
			"rotation": {"angle": 0, "axis": "y", "origin": [14, 0, 14]},
			"faces": {
				"north": {"uv": [10.5, 11.5, 11.5, 11.5], "texture": "#0"},
				"east": {"uv": [10, 1, 14.5, 1], "texture": "#0"},
				"south": {"uv": [0.5, 12, 1.5, 12], "texture": "#0"},
				"west": {"uv": [8.5, 2.5, 13, 2.5], "texture": "#0"},
				"up": {"uv": [4, 15.5, 3, 11], "texture": "#0"},
				"down": {"uv": [5.5, 11, 4.5, 15.5], "texture": "#0"}
			}
		},
		{
			"from": [15, -1, 12],
			"to": [17, 0, 15],
			"rotation": {"angle": 0, "axis": "y", "origin": [14, 0, 14]},
			"faces": {
				"north": {"uv": [10.5, 11.5, 11.5, 12], "texture": "#0"},
				"east": {"uv": [8.5, 1, 10, 1.5], "texture": "#0"},
				"south": {"uv": [0.5, 12, 1.5, 12.5], "texture": "#0"},
				"west": {"uv": [13, 2.5, 14.5, 3], "texture": "#0"},
				"up": {"uv": [4, 11, 3, 9.5], "texture": "#0"},
				"down": {"uv": [5.5, 9.5, 4.5, 11], "texture": "#0"}
			}
		},
		{
			"from": [15, 0, 3],
			"to": [16, 2, 6],
			"rotation": {"angle": 0, "axis": "y", "origin": [14, 0, 14]},
			"faces": {
				"north": {"uv": [11, 10.5, 11.5, 11.5], "texture": "#0"},
				"east": {"uv": [13, 0, 14.5, 1], "texture": "#0"},
				"south": {"uv": [0.5, 11, 1, 12], "texture": "#0"},
				"west": {"uv": [8.5, 1.5, 10, 2.5], "texture": "#0"},
				"up": {"uv": [4, 15.5, 3.5, 14], "texture": "#0"},
				"down": {"uv": [5.5, 14, 5, 15.5], "texture": "#0"}
			}
		},
		{
			"from": [16, 0, 3],
			"to": [17, 2, 7],
			"rotation": {"angle": 0, "axis": "y", "origin": [14, 0, 14]},
			"faces": {
				"north": {"uv": [10.5, 10.5, 11, 11.5], "texture": "#0"},
				"east": {"uv": [12.5, 0, 14.5, 1], "texture": "#0"},
				"south": {"uv": [1, 11, 1.5, 12], "texture": "#0"},
				"west": {"uv": [8.5, 1.5, 10.5, 2.5], "texture": "#0"},
				"up": {"uv": [3.5, 15.5, 3, 13.5], "texture": "#0"},
				"down": {"uv": [5, 13.5, 4.5, 15.5], "texture": "#0"}
			}
		},
		{
			"from": [14, 0, 7],
			"to": [15, 2, 16],
			"rotation": {"angle": 0, "axis": "y", "origin": [14, 0, 14]},
			"faces": {
				"north": {"uv": [11.5, 10.5, 12, 11.5], "texture": "#0"},
				"east": {"uv": [8, 0, 12.5, 1], "texture": "#0"},
				"south": {"uv": [0, 11, 0.5, 12], "texture": "#0"},
				"west": {"uv": [10.5, 1.5, 15, 2.5], "texture": "#0"},
				"up": {"uv": [4.5, 13.5, 4, 9], "texture": "#0"},
				"down": {"uv": [6, 9, 5.5, 13.5], "texture": "#0"}
			}
		},
		{
			"from": [15, 0, 7],
			"to": [17, 1, 8],
			"rotation": {"angle": 0, "axis": "y", "origin": [14, 0, 14]},
			"faces": {
				"north": {"uv": [10.5, 11, 11.5, 11.5], "texture": "#0"},
				"east": {"uv": [12, 0.5, 12.5, 1], "texture": "#0"},
				"south": {"uv": [0.5, 11.5, 1.5, 12], "texture": "#0"},
				"west": {"uv": [10.5, 2, 11, 2.5], "texture": "#0"},
				"up": {"uv": [4, 13.5, 3, 13], "texture": "#0"},
				"down": {"uv": [5.5, 13, 4.5, 13.5], "texture": "#0"}
			}
		},
		{
			"from": [15, 0, 8],
			"to": [17, 2, 16],
			"rotation": {"angle": 0, "axis": "y", "origin": [14, 0, 14]},
			"faces": {
				"north": {"uv": [10.5, 10.5, 11.5, 11.5], "texture": "#0"},
				"east": {"uv": [8, 0, 12, 1], "texture": "#0"},
				"south": {"uv": [0.5, 11, 1.5, 12], "texture": "#0"},
				"west": {"uv": [11, 1.5, 15, 2.5], "texture": "#0"},
				"up": {"uv": [4, 13, 3, 9], "texture": "#0"},
				"down": {"uv": [5.5, 9, 4.5, 13], "texture": "#0"}
			}
		},
		{
			"from": [14, 0, 2],
			"to": [15, 0, 16],
			"rotation": {"angle": 0, "axis": "y", "origin": [14, 0, 14]},
			"faces": {
				"north": {"uv": [11.5, 11.5, 12, 11.5], "texture": "#0"},
				"east": {"uv": [8, 1, 15, 1], "texture": "#0"},
				"south": {"uv": [0, 12, 0.5, 12], "texture": "#0"},
				"west": {"uv": [8, 2.5, 15, 2.5], "texture": "#0"},
				"up": {"uv": [4.5, 16, 4, 9], "texture": "#0"},
				"down": {"uv": [6, 9, 5.5, 16], "texture": "#0"}
			}
		},
		{
			"from": [15, -1, 1],
			"to": [16, 1, 2],
			"faces": {
				"north": {"uv": [3, 3.5, 3.5, 4.5], "texture": "#0"},
				"east": {"uv": [7.5, 11, 8, 12], "texture": "#0"},
				"south": {"uv": [9.5, 5, 10, 6], "texture": "#0"},
				"west": {"uv": [10, 11, 10.5, 12], "texture": "#0"},
				"up": {"uv": [3.5, 6.5, 3, 6], "texture": "#0"},
				"down": {"uv": [3.5, 7.5, 3, 8], "texture": "#0"}
			}
		},
		{
			"from": [2, -1, 14],
			"to": [10, 0, 17],
			"rotation": {"angle": 0, "axis": "y", "origin": [12, 0, 14]},
			"faces": {
				"north": {"uv": [8, 10, 12, 10.5], "texture": "#0"},
				"east": {"uv": [1.5, 12, 3, 12.5], "texture": "#0"},
				"south": {"uv": [10, 4, 14, 4.5], "texture": "#0"},
				"west": {"uv": [11.5, 8.5, 13, 9], "texture": "#0"},
				"up": {"uv": [16, 6, 12, 4.5], "texture": "#0"},
				"down": {"uv": [16, 6, 12, 7.5], "texture": "#0"}
			}
		},
		{
			"from": [2, 0, 14],
			"to": [11, 0, 17],
			"rotation": {"angle": 0, "axis": "y", "origin": [12, 0, 14]},
			"faces": {
				"north": {"uv": [7.5, 10, 12, 10], "texture": "#0"},
				"east": {"uv": [1.5, 12, 3, 12], "texture": "#0"},
				"south": {"uv": [10, 4, 14.5, 4], "texture": "#0"},
				"west": {"uv": [11.5, 8.5, 13, 8.5], "texture": "#0"},
				"up": {"uv": [16, 6, 11.5, 4.5], "texture": "#0"},
				"down": {"uv": [16, 6, 11.5, 7.5], "texture": "#0"}
			}
		},
		{
			"from": [11, -1, 14],
			"to": [14, 0, 17],
			"rotation": {"angle": 0, "axis": "y", "origin": [12, 0, 14]},
			"faces": {
				"north": {"uv": [6, 10, 7.5, 10.5], "texture": "#0"},
				"east": {"uv": [1.5, 12, 3, 12.5], "texture": "#0"},
				"south": {"uv": [14.5, 4, 16, 4.5], "texture": "#0"},
				"west": {"uv": [11.5, 8.5, 13, 9], "texture": "#0"},
				"up": {"uv": [11.5, 6, 10, 4.5], "texture": "#0"},
				"down": {"uv": [11.5, 6, 10, 7.5], "texture": "#0"}
			}
		},
		{
			"from": [2, 0, 14],
			"to": [14, 1, 17],
			"rotation": {"angle": 0, "axis": "y", "origin": [12, 0, 14]},
			"faces": {
				"north": {"uv": [6, 9.5, 12, 10], "texture": "#0"},
				"east": {"uv": [1.5, 11.5, 3, 12], "texture": "#0"},
				"south": {"uv": [10, 3.5, 16, 4], "texture": "#0"},
				"west": {"uv": [11.5, 8, 13, 8.5], "texture": "#0"},
				"up": {"uv": [16, 6, 10, 4.5], "texture": "#0"},
				"down": {"uv": [16, 6, 10, 7.5], "texture": "#0"}
			}
		},
		{
			"from": [2, 1, 14],
			"to": [14, 1, 17],
			"rotation": {"angle": 0, "axis": "y", "origin": [12, 0, 14]},
			"faces": {
				"north": {"uv": [6, 9.5, 12, 9.5], "texture": "#0"},
				"east": {"uv": [1.5, 11.5, 3, 11.5], "texture": "#0"},
				"south": {"uv": [10, 3.5, 16, 3.5], "texture": "#0"},
				"west": {"uv": [11.5, 8, 13, 8], "texture": "#0"},
				"up": {"uv": [16, 6, 10, 4.5], "texture": "#0"},
				"down": {"uv": [16, 6, 10, 7.5], "texture": "#0"}
			}
		},
		{
			"from": [2, 1, 14],
			"to": [4, 2, 16],
			"rotation": {"angle": 0, "axis": "y", "origin": [12, 0, 14]},
			"faces": {
				"north": {"uv": [11, 9, 12, 9.5], "texture": "#0"},
				"east": {"uv": [2, 11, 3, 11.5], "texture": "#0"},
				"south": {"uv": [10, 3, 11, 3.5], "texture": "#0"},
				"west": {"uv": [11.5, 7.5, 12.5, 8], "texture": "#0"},
				"up": {"uv": [16, 6, 15, 5], "texture": "#0"},
				"down": {"uv": [16, 6.5, 15, 7.5], "texture": "#0"}
			}
		},
		{
			"from": [4, 1, 14],
			"to": [13, 2, 17],
			"rotation": {"angle": 0, "axis": "y", "origin": [12, 0, 14]},
			"faces": {
				"north": {"uv": [6.5, 9, 11, 9.5], "texture": "#0"},
				"east": {"uv": [1.5, 11, 3, 11.5], "texture": "#0"},
				"south": {"uv": [11, 3, 15.5, 3.5], "texture": "#0"},
				"west": {"uv": [11.5, 7.5, 13, 8], "texture": "#0"},
				"up": {"uv": [15, 6, 10.5, 4.5], "texture": "#0"},
				"down": {"uv": [15, 6, 10.5, 7.5], "texture": "#0"}
			}
		},
		{
			"from": [13, 1, 14],
			"to": [14, 2, 15],
			"rotation": {"angle": 0, "axis": "y", "origin": [12, 0, 14]},
			"faces": {
				"north": {"uv": [6, 9, 6.5, 9.5], "texture": "#0"},
				"east": {"uv": [2.5, 11, 3, 11.5], "texture": "#0"},
				"south": {"uv": [15.5, 3, 16, 3.5], "texture": "#0"},
				"west": {"uv": [11.5, 7.5, 12, 8], "texture": "#0"},
				"up": {"uv": [10.5, 6, 10, 5.5], "texture": "#0"},
				"down": {"uv": [10.5, 7, 10, 7.5], "texture": "#0"}
			}
		}
	],
	"display": {
		"thirdperson_righthand": {
			"translation": [0, 0, -2.25],
			"scale": [0.25, 0.25, 0.25]
		},
		"thirdperson_lefthand": {
			"translation": [0, 0, -2.25],
			"scale": [0.25, 0.25, 0.25]
		},
		"firstperson_righthand": {
			"rotation": [0, 25, 0],
			"translation": [0, 8.5, 0],
			"scale": [0.75, 0.75, 0.75]
		},
		"firstperson_lefthand": {
			"rotation": [0, 25, 0],
			"translation": [0, 8.5, 0],
			"scale": [0.75, 0.75, 0.75]
		},
		"gui": {
			"rotation": [19, -27, 0],
			"translation": [0, 4.5, 0],
			"scale": [0.75, 0.75, 0.75]
		},
		"head": {
			"translation": [0, 11.75, 0]
		},
		"fixed": {
			"rotation": [90, 0, 0],
			"translation": [0, 0, 7]
		},
		"on_shelf": {
			"rotation": [90, 0, 0],
			"translation": [0, 0, 7]
		}
	},
	"groups": [
		{
			"name": "group",
			"origin": [8, 8, 8],
			"color": 0,
			"children": [0, 1, 2, 3, 4, 5, 6, 7, 8, 9, 10, 11, 12, 13, 14, 15, 16, 17, 18, 19, 20, 21, 22, 23, 24, 25, 26, 27, 28, 29, 30, 31, 32, 33, 34, 35, 36, 37]
		}
	]
}