{
	"format_version": "1.21.6",
	"credit": "Made with Blockbench",
	"texture_size": [32, 32],
	"textures": {
		"0": "mikek:item/polar_bear_tooth"
	},
	"elements": [
		{
			"from": [10, 0, 0],
			"to": [12, 1, 1],
			"rotation": {"angle": 0, "axis": "y", "origin": [8, 0, 7]},
			"faces": {
				"north": {"uv": [0, 8.5, 1, 9], "texture": "#0"},
				"east": {"uv": [9, 4.5, 9.5, 5], "texture": "#0"},
				"south": {"uv": [1, 8.5, 2, 9], "texture": "#0"},
				"west": {"uv": [5, 9, 5.5, 9.5], "texture": "#0"},
				"up": {"uv": [3, 9, 2, 8.5], "texture": "#0"},
				"down": {"uv": [4, 8.5, 3, 9], "texture": "#0"}
			}
		},
		{
			"from": [8, 0, 1],
			"to": [12, 1, 2],
			"rotation": {"angle": 0, "axis": "y", "origin": [8, 0, 7]},
			"faces": {
				"north": {"uv": [7, 5, 9, 5.5], "texture": "#0"},
				"east": {"uv": [9, 5, 9.5, 5.5], "texture": "#0"},
				"south": {"uv": [7, 5.5, 9, 6], "texture": "#0"},
				"west": {"uv": [5.5, 9, 6, 9.5], "texture": "#0"},
				"up": {"uv": [8, 7.5, 6, 7], "texture": "#0"},
				"down": {"uv": [2, 7.5, 0, 8], "texture": "#0"}
			}
		},
		{
			"from": [12, 0, 0],
			"to": [14, 1, 2],
			"rotation": {"angle": 0, "axis": "y", "origin": [8, 0, 7]},
			"faces": {
				"north": {"uv": [4, 8.5, 5, 9], "texture": "#0"},
				"east": {"uv": [5, 8.5, 6, 9], "texture": "#0"},
				"south": {"uv": [6, 8.5, 7, 9], "texture": "#0"},
				"west": {"uv": [7, 8.5, 8, 9], "texture": "#0"},
				"up": {"uv": [3, 8.5, 2, 7.5], "texture": "#0"},
				"down": {"uv": [4, 7.5, 3, 8.5], "texture": "#0"}
			}
		},
		{
			"from": [4, 0, 3],
			"to": [10, 1, 4],
			"rotation": {"angle": 0, "axis": "y", "origin": [8, 0, 7]},
			"faces": {
				"north": {"uv": [7.5, 0.5, 10.5, 1], "texture": "#0"},
				"east": {"uv": [5.5, 7.5, 6, 8], "texture": "#0"},
				"south": {"uv": [7, 1, 10, 1.5], "texture": "#0"},
				"west": {"uv": [6, 7.5, 6.5, 8], "texture": "#0"},
				"up": {"uv": [7, 2, 4, 1.5], "texture": "#0"},
				"down": {"uv": [7, 3.5, 4, 4], "texture": "#0"}
			}
		},
		{
			"from": [10, 0, 3],
			"to": [11, 1, 7],
			"rotation": {"angle": 0, "axis": "y", "origin": [8, 0, 7]},
			"faces": {
				"north": {"uv": [7, 0.5, 7.5, 1], "texture": "#0"},
				"east": {"uv": [4, 7.5, 6, 8], "texture": "#0"},
				"south": {"uv": [10, 1, 10.5, 1.5], "texture": "#0"},
				"west": {"uv": [6, 7.5, 8, 8], "texture": "#0"},
				"up": {"uv": [4, 2, 3.5, 0], "texture": "#0"},
				"down": {"uv": [4, 2, 3.5, 4], "texture": "#0"}
			}
		},
		{
			"from": [3, 0, 4],
			"to": [10, 1, 8],
			"rotation": {"angle": 0, "axis": "y", "origin": [7, 0, 8]},
			"faces": {
				"north": {"uv": [7, 1.5, 10.5, 2], "texture": "#0"},
				"east": {"uv": [0, 8, 2, 8.5], "texture": "#0"},
				"south": {"uv": [7, 2, 10.5, 2.5], "texture": "#0"},
				"west": {"uv": [4, 8, 6, 8.5], "texture": "#0"},
				"up": {"uv": [3.5, 6, 0, 4], "texture": "#0"},
				"down": {"uv": [7, 4, 3.5, 6], "texture": "#0"}
			}
		},
		{
			"from": [2, 0, 6],
			"to": [4, 1, 8],
			"rotation": {"angle": 0, "axis": "y", "origin": [6, 0, 10]},
			"faces": {
				"north": {"uv": [2.5, 7, 3.5, 7.5], "texture": "#0"},
				"east": {"uv": [8, 4, 9, 4.5], "texture": "#0"},
				"south": {"uv": [7, 0, 8, 0.5], "texture": "#0"},
				"west": {"uv": [7, 4.5, 8, 5], "texture": "#0"},
				"up": {"uv": [3.5, 2, 2.5, 1], "texture": "#0"},
				"down": {"uv": [3.5, 3, 2.5, 4], "texture": "#0"}
			}
		},
		{
			"from": [2, 0, 8],
			"to": [9, 1, 10],
			"rotation": {"angle": 0, "axis": "y", "origin": [6, 0, 10]},
			"faces": {
				"north": {"uv": [0, 7, 3.5, 7.5], "texture": "#0"},
				"east": {"uv": [7, 4, 8, 4.5], "texture": "#0"},
				"south": {"uv": [7, 0, 10.5, 0.5], "texture": "#0"},
				"west": {"uv": [8, 4.5, 9, 5], "texture": "#0"},
				"up": {"uv": [3.5, 1, 0, 0], "texture": "#0"},
				"down": {"uv": [3.5, 2, 0, 3], "texture": "#0"}
			}
		},
		{
			"from": [11, 0, 3],
			"to": [12, 1, 5],
			"rotation": {"angle": 0, "axis": "y", "origin": [8, 0, 7]},
			"faces": {
				"north": {"uv": [9, 5.5, 9.5, 6], "texture": "#0"},
				"east": {"uv": [8, 8.5, 9, 9], "texture": "#0"},
				"south": {"uv": [6, 9, 6.5, 9.5], "texture": "#0"},
				"west": {"uv": [0, 9, 1, 9.5], "texture": "#0"},
				"up": {"uv": [1.5, 10, 1, 9], "texture": "#0"},
				"down": {"uv": [2, 9, 1.5, 10], "texture": "#0"}
			}
		},
		{
			"from": [4, 0, 2],
			"to": [13, 1, 3],
			"rotation": {"angle": 0, "axis": "y", "origin": [8, 0, 7]},
			"faces": {
				"north": {"uv": [0, 6, 4.5, 6.5], "texture": "#0"},
				"east": {"uv": [9, 6, 9.5, 6.5], "texture": "#0"},
				"south": {"uv": [4.5, 6, 9, 6.5], "texture": "#0"},
				"west": {"uv": [6.5, 9, 7, 9.5], "texture": "#0"},
				"up": {"uv": [4.5, 7, 0, 6.5], "texture": "#0"},
				"down": {"uv": [9, 6.5, 4.5, 7], "texture": "#0"}
			}
		},
		{
			"from": [6, 0, 1],
			"to": [8, 1, 2],
			"rotation": {"angle": 0, "axis": "y", "origin": [8, 0, 7]},
			"faces": {
				"north": {"uv": [2, 9, 3, 9.5], "texture": "#0"},
				"east": {"uv": [9, 6.5, 9.5, 7], "texture": "#0"},
				"south": {"uv": [3, 9, 4, 9.5], "texture": "#0"},
				"west": {"uv": [7, 9, 7.5, 9.5], "texture": "#0"},
				"up": {"uv": [5, 9.5, 4, 9], "texture": "#0"},
				"down": {"uv": [10, 4, 9, 4.5], "texture": "#0"}
			}
		},
		{
			"from": [3, 0, 10],
			"to": [8, 1, 11],
			"rotation": {"angle": 0, "axis": "y", "origin": [8, 0, 16]},
			"faces": {
				"north": {"uv": [7, 2.5, 9.5, 3], "texture": "#0"},
				"east": {"uv": [7.5, 9, 8, 9.5], "texture": "#0"},
				"south": {"uv": [7, 3, 9.5, 3.5], "texture": "#0"},
				"west": {"uv": [8, 9, 8.5, 9.5], "texture": "#0"},
				"up": {"uv": [6, 7.5, 3.5, 7], "texture": "#0"},
				"down": {"uv": [9.5, 3.5, 7, 4], "texture": "#0"}
			}
		},
		{
			"from": [4, 0, 11],
			"to": [7, 1, 12],
			"rotation": {"angle": 0, "axis": "y", "origin": [7, 0, 17]},
			"faces": {
				"north": {"uv": [6, 8, 7.5, 8.5], "texture": "#0"},
				"east": {"uv": [9, 8, 9.5, 8.5], "texture": "#0"},
				"south": {"uv": [8, 7, 9.5, 7.5], "texture": "#0"},
				"west": {"uv": [8.5, 9, 9, 9.5], "texture": "#0"},
				"up": {"uv": [9, 8.5, 7.5, 8], "texture": "#0"},
				"down": {"uv": [9.5, 7.5, 8, 8], "texture": "#0"}
			}
		}
	],
	"display": {
		"thirdperson_righthand": {
			"translation": [0.75, 1.25, -1.25],
			"scale": [0.4, 0.41, 0.42]
		},
		"thirdperson_lefthand": {
			"translation": [-1, 1, -1],
			"scale": [0.4, 0.4, 0.4]
		},
		"firstperson_righthand": {
			"rotation": [90, 75, -25],
			"translation": [5.25, 5, 3]
		},
		"firstperson_lefthand": {
			"rotation": [90, -75, 25],
			"translation": [2.25, 5, 3]
		},
		"ground": {
			"translation": [0, 3, 0],
			"scale": [0.34, 0.34, 0.4]
		},
		"gui": {
			"rotation": [-90, 0, 180],
			"translation": [0, 1.25, 80]
		},
		"head": {
			"rotation": [0, 32, 0],
			"translation": [2.75, 35, 0],
			"scale": [4, 4, 4]
		},
		"fixed": {
			"rotation": [-90, 0, 0],
			"translation": [0, 0, -7]
		}
	},
	"groups": [
		{
			"name": "group",
			"origin": [6, 0, 10],
			"color": 0,
			"children": [0, 1, 2, 3, 4, 5, 6, 7, 8, 9, 10, 11, 12]
		}
	]
}