{
	"format_version": "1.21.6",
	"credit": "Made with Blockbench",
	"texture_size": [32, 32],
	"textures": {
		"0": "mikek:item/walkingcane_1"
	},
	"elements": [
		{
			"from": [7, 21, 7],
			"to": [9, 24, 9],
			"rotation": {"angle": -10, "axis": "z", "origin": [9, 21, 8]},
			"faces": {
				"north": {"uv": [1, 6, 2, 7.5], "texture": "#0"},
				"east": {"uv": [2, 6, 3, 7.5], "texture": "#0"},
				"south": {"uv": [6, 2, 7, 3.5], "texture": "#0"},
				"west": {"uv": [3, 6, 4, 7.5], "texture": "#0"},
				"up": {"uv": [1, 9, 0, 8], "texture": "#0"},
				"down": {"uv": [9, 0, 8, 1], "texture": "#0"}
			}
		},
		{
			"from": [7, 6, 7],
			"to": [9, 18, 9],
			"rotation": {"angle": 0, "axis": "y", "origin": [7, 0, 7]},
			"faces": {
				"north": {"uv": [0, 0, 1, 6], "texture": "#0"},
				"east": {"uv": [1, 0, 2, 6], "texture": "#0"},
				"south": {"uv": [2, 0, 3, 6], "texture": "#0"},
				"west": {"uv": [3, 0, 4, 6], "texture": "#0"},
				"up": {"uv": [9, 2, 8, 1], "texture": "#0"},
				"down": {"uv": [9, 2, 8, 3], "texture": "#0"}
			}
		},
		{
			"from": [13, 26, 7],
			"to": [15, 29, 9],
			"rotation": {"angle": -125, "axis": "z", "origin": [13, 26, 7]},
			"faces": {
				"north": {"uv": [6, 3.5, 7, 5], "texture": "#0"},
				"east": {"uv": [4, 6, 5, 7.5], "texture": "#0"},
				"south": {"uv": [5, 6, 6, 7.5], "texture": "#0"},
				"west": {"uv": [6, 5, 7, 6.5], "texture": "#0"},
				"up": {"uv": [9, 4, 8, 3], "texture": "#0"},
				"down": {"uv": [9, 4, 8, 5], "texture": "#0"}
			}
		},
		{
			"from": [6, 18, 7],
			"to": [7, 20, 9],
			"rotation": {"angle": 0, "axis": "y", "origin": [5, 18, 7]},
			"faces": {
				"north": {"uv": [6, 9, 6.5, 10], "texture": "#0"},
				"east": {"uv": [8, 5, 9, 6], "texture": "#0"},
				"south": {"uv": [6.5, 9, 7, 10], "texture": "#0"},
				"west": {"uv": [6, 8, 7, 9], "texture": "#0"},
				"up": {"uv": [7.5, 10, 7, 9], "texture": "#0"},
				"down": {"uv": [9.5, 7, 9, 8], "texture": "#0"}
			}
		},
		{
			"from": [6, 16, 5],
			"to": [7, 17, 6],
			"rotation": {"angle": -45, "axis": "x", "origin": [5, 17, 4]},
			"faces": {
				"north": {"uv": [9.5, 6.5, 10, 7], "texture": "#0"},
				"east": {"uv": [9.5, 7, 10, 7.5], "texture": "#0"},
				"south": {"uv": [9.5, 7.5, 10, 8], "texture": "#0"},
				"west": {"uv": [9.5, 8, 10, 8.5], "texture": "#0"},
				"up": {"uv": [10, 9, 9.5, 8.5], "texture": "#0"},
				"down": {"uv": [9.5, 9.5, 9, 10], "texture": "#0"}
			}
		},
		{
			"from": [10, 26, 7],
			"to": [12, 29, 9],
			"rotation": {"angle": -90, "axis": "z", "origin": [10, 26, 7]},
			"faces": {
				"north": {"uv": [6, 6.5, 7, 8], "texture": "#0"},
				"east": {"uv": [7, 0, 8, 1.5], "texture": "#0"},
				"south": {"uv": [7, 1.5, 8, 3], "texture": "#0"},
				"west": {"uv": [7, 3, 8, 4.5], "texture": "#0"},
				"up": {"uv": [9, 7, 8, 6], "texture": "#0"},
				"down": {"uv": [9, 7, 8, 8], "texture": "#0"}
			}
		},
		{
			"from": [6, 16, 6],
			"to": [7, 18, 7],
			"rotation": {"angle": -45, "axis": "x", "origin": [5, 17, 4]},
			"faces": {
				"north": {"uv": [7.5, 9, 8, 10], "texture": "#0"},
				"east": {"uv": [8, 9, 8.5, 10], "texture": "#0"},
				"south": {"uv": [9, 8, 9.5, 9], "texture": "#0"},
				"west": {"uv": [8.5, 9, 9, 10], "texture": "#0"},
				"up": {"uv": [10, 10, 9.5, 9.5], "texture": "#0"},
				"down": {"uv": [0.5, 10, 0, 10.5], "texture": "#0"}
			}
		},
		{
			"from": [6, 17, 10],
			"to": [7, 18, 12],
			"rotation": {"angle": -45, "axis": "x", "origin": [5, 17, 9]},
			"faces": {
				"north": {"uv": [10, 0, 10.5, 0.5], "texture": "#0"},
				"east": {"uv": [9, 9, 10, 9.5], "texture": "#0"},
				"south": {"uv": [0.5, 10, 1, 10.5], "texture": "#0"},
				"west": {"uv": [9.5, 4, 10.5, 4.5], "texture": "#0"},
				"up": {"uv": [10, 5.5, 9.5, 4.5], "texture": "#0"},
				"down": {"uv": [10, 5.5, 9.5, 6.5], "texture": "#0"}
			}
		},
		{
			"from": [8, 26, 7],
			"to": [10, 29, 9],
			"rotation": {"angle": 125, "axis": "z", "origin": [10, 26, 8]},
			"faces": {
				"north": {"uv": [7, 4.5, 8, 6], "texture": "#0"},
				"east": {"uv": [7, 6, 8, 7.5], "texture": "#0"},
				"south": {"uv": [1, 7.5, 2, 9], "texture": "#0"},
				"west": {"uv": [2, 7.5, 3, 9], "texture": "#0"},
				"up": {"uv": [9, 9, 8, 8], "texture": "#0"},
				"down": {"uv": [1, 9, 0, 10], "texture": "#0"}
			}
		},
		{
			"from": [7, 18, 7],
			"to": [9, 22, 9],
			"rotation": {"angle": 0, "axis": "y", "origin": [9, 20, 8]},
			"faces": {
				"north": {"uv": [4, 0, 5, 2], "texture": "#0"},
				"east": {"uv": [4, 2, 5, 4], "texture": "#0"},
				"south": {"uv": [4, 4, 5, 6], "texture": "#0"},
				"west": {"uv": [5, 0, 6, 2], "texture": "#0"},
				"up": {"uv": [10, 1, 9, 0], "texture": "#0"},
				"down": {"uv": [2, 9, 1, 10], "texture": "#0"}
			}
		},
		{
			"from": [6, 18, 10],
			"to": [7, 19, 13],
			"rotation": {"angle": -45, "axis": "x", "origin": [5, 17, 9]},
			"faces": {
				"north": {"uv": [10, 0.5, 10.5, 1], "texture": "#0"},
				"east": {"uv": [9, 3, 10.5, 3.5], "texture": "#0"},
				"south": {"uv": [1, 10, 1.5, 10.5], "texture": "#0"},
				"west": {"uv": [9, 3.5, 10.5, 4], "texture": "#0"},
				"up": {"uv": [4.5, 10.5, 4, 9], "texture": "#0"},
				"down": {"uv": [9.5, 4, 9, 5.5], "texture": "#0"}
			}
		},
		{
			"from": [14, 21, 7],
			"to": [16, 24, 9],
			"rotation": {"angle": 10, "axis": "z", "origin": [14, 21, 7]},
			"faces": {
				"north": {"uv": [3, 7.5, 4, 9], "texture": "#0"},
				"east": {"uv": [4, 7.5, 5, 9], "texture": "#0"},
				"south": {"uv": [5, 7.5, 6, 9], "texture": "#0"},
				"west": {"uv": [7, 7.5, 8, 9], "texture": "#0"},
				"up": {"uv": [10, 2, 9, 1], "texture": "#0"},
				"down": {"uv": [3, 9, 2, 10], "texture": "#0"}
			}
		},
		{
			"from": [6, 16, 7],
			"to": [7, 19, 8],
			"rotation": {"angle": -45, "axis": "x", "origin": [5, 17, 4]},
			"faces": {
				"north": {"uv": [4.5, 9, 5, 10.5], "texture": "#0"},
				"east": {"uv": [5, 9, 5.5, 10.5], "texture": "#0"},
				"south": {"uv": [5.5, 9, 6, 10.5], "texture": "#0"},
				"west": {"uv": [9, 5.5, 9.5, 7], "texture": "#0"},
				"up": {"uv": [10.5, 1.5, 10, 1], "texture": "#0"},
				"down": {"uv": [2, 10, 1.5, 10.5], "texture": "#0"}
			}
		},
		{
			"from": [14, 18, 7],
			"to": [16, 22, 9],
			"rotation": {"angle": 0, "axis": "y", "origin": [16, 20, 8]},
			"faces": {
				"north": {"uv": [5, 2, 6, 4], "texture": "#0"},
				"east": {"uv": [5, 4, 6, 6], "texture": "#0"},
				"south": {"uv": [0, 6, 1, 8], "texture": "#0"},
				"west": {"uv": [6, 0, 7, 2], "texture": "#0"},
				"up": {"uv": [10, 3, 9, 2], "texture": "#0"},
				"down": {"uv": [4, 9, 3, 10], "texture": "#0"}
			}
		},
		{
			"from": [6, 16, 10],
			"to": [7, 17, 11],
			"rotation": {"angle": -45, "axis": "x", "origin": [5, 17, 9]},
			"faces": {
				"north": {"uv": [10, 1.5, 10.5, 2], "texture": "#0"},
				"east": {"uv": [2, 10, 2.5, 10.5], "texture": "#0"},
				"south": {"uv": [10, 2, 10.5, 2.5], "texture": "#0"},
				"west": {"uv": [2.5, 10, 3, 10.5], "texture": "#0"},
				"up": {"uv": [10.5, 3, 10, 2.5], "texture": "#0"},
				"down": {"uv": [3.5, 10, 3, 10.5], "texture": "#0"}
			}
		}
	],
	"display": {
		"thirdperson_righthand": {
			"rotation": [0, 90, 0],
			"translation": [-0.5, -7.5, 0],
			"scale": [0.9, 0.9, 0.9]
		},
		"thirdperson_lefthand": {
			"rotation": [0, -90, 0],
			"translation": [-0.5, -7.5, 0],
			"scale": [0.9, 0.9, 0.9]
		},
		"firstperson_righthand": {
			"rotation": [0, 100, 0],
			"translation": [0, -4.5, 0]
		},
		"firstperson_lefthand": {
			"rotation": [0, -100, 0],
			"translation": [0, -5, 0]
		},
		"gui": {
			"rotation": [-11, 26, 0],
			"translation": [0, -6, 0],
			"scale": [0.75, 0.75, 0.75]
		},
		"head": {
			"rotation": [0, 90, 0],
			"translation": [0, 14, 0],
			"scale": [4, 4, 4]
		},
		"fixed": {
			"rotation": [-90, 0, 0],
			"scale": [4, 4, 4]
		}
	},
	"groups": [
		{
			"name": "group",
			"origin": [7, 0, 7],
			"color": 0,
			"children": [0, 1, 2, 3, 4, 5, 6, 7, 8, 9, 10, 11, 12, 13, 14]
		}
	]
}