{
  "model": {
    "type": "minecraft:range_dispatch",
    "property": "minecraft:custom_model_data",
    "index": 0,
    "entries": [
      {
        "threshold": 3201.0,
        "model": {
          "type": "minecraft:model",
          "model": "mikek:item/dark_totem"
        }
      },
      {
        "threshold": 3202.0,
        "model": {
          "type": "minecraft:model",
          "model": "mikek:item/sculk_dark_totem"
        }
      }
    ],
    "fallback": {
      "type": "minecraft:model",
      "model": "item/totem_of_undying"
    }
  }
}
