{
	"format_version": "1.21.6",
	"credit": "Made with Blockbench",
	"texture_size": [32, 32],
	"textures": {
		"1": "mikek:item/sculk_piece_of_darkness"
	},
	"elements": [
		{
			"from": [15, 0, 15],
			"to": [16, 1, 16],
			"rotation": {"angle": 0, "axis": "y", "origin": [15, 0, 15]},
			"faces": {
				"north": {"uv": [3.5, 7, 4, 7.5], "texture": "#1"},
				"east": {"uv": [2, 7.5, 2.5, 8], "texture": "#1"},
				"south": {"uv": [3.5, 7.5, 4, 8], "texture": "#1"},
				"west": {"uv": [2, 8, 2.5, 8.5], "texture": "#1"},
				"up": {"uv": [4, 8.5, 3.5, 8], "texture": "#1"},
				"down": {"uv": [4, 8.5, 3.5, 9], "texture": "#1"}
			}
		},
		{
			"from": [3, 0, 3],
			"to": [10, 1, 5],
			"rotation": {"angle": 0, "axis": "y", "origin": [9, 0, 3]},
			"faces": {
				"north": {"uv": [6, 5, 9.5, 5.5], "texture": "#1"},
				"east": {"uv": [1.5, 8.5, 2.5, 9], "texture": "#1"},
				"south": {"uv": [6, 5.5, 9.5, 6], "texture": "#1"},
				"west": {"uv": [6.5, 8.5, 7.5, 9], "texture": "#1"},
				"up": {"uv": [9.5, 1, 6, 0], "texture": "#1"},
				"down": {"uv": [9.5, 1, 6, 2], "texture": "#1"}
			}
		},
		{
			"from": [13, 0, 4],
			"to": [14, 1, 5],
			"rotation": {"angle": 0, "axis": "y", "origin": [13, 0, 4]},
			"faces": {
				"north": {"uv": [2, 9, 2.5, 9.5], "texture": "#1"},
				"east": {"uv": [0, 9.5, 0.5, 10], "texture": "#1"},
				"south": {"uv": [9.5, 0, 10, 0.5], "texture": "#1"},
				"west": {"uv": [0.5, 9.5, 1, 10], "texture": "#1"},
				"up": {"uv": [10, 1, 9.5, 0.5], "texture": "#1"},
				"down": {"uv": [1.5, 9.5, 1, 10], "texture": "#1"}
			}
		},
		{
			"from": [1, 0, 12],
			"to": [5, 1, 13],
			"rotation": {"angle": 0, "axis": "y", "origin": [9, 0, 3]},
			"faces": {
				"north": {"uv": [0, 7.5, 2, 8], "texture": "#1"},
				"east": {"uv": [9.5, 1, 10, 1.5], "texture": "#1"},
				"south": {"uv": [6, 7.5, 8, 8], "texture": "#1"},
				"west": {"uv": [1.5, 9.5, 2, 10], "texture": "#1"},
				"up": {"uv": [2, 8.5, 0, 8], "texture": "#1"},
				"down": {"uv": [7, 8, 5, 8.5], "texture": "#1"}
			}
		},
		{
			"from": [2, 0, 5],
			"to": [10, 1, 12],
			"rotation": {"angle": 0, "axis": "y", "origin": [9, 0, 3]},
			"faces": {
				"north": {"uv": [6, 3, 10, 3.5], "texture": "#1"},
				"east": {"uv": [6, 6, 9.5, 6.5], "texture": "#1"},
				"south": {"uv": [6, 3.5, 10, 4], "texture": "#1"},
				"west": {"uv": [6, 6.5, 9.5, 7], "texture": "#1"},
				"up": {"uv": [4, 3.5, 0, 0], "texture": "#1"},
				"down": {"uv": [4, 3.5, 0, 7], "texture": "#1"}
			}
		},
		{
			"from": [10, 0, 5],
			"to": [12, 1, 14],
			"rotation": {"angle": 0, "axis": "y", "origin": [13, 0, 5]},
			"faces": {
				"north": {"uv": [8.5, 7, 9.5, 7.5], "texture": "#1"},
				"east": {"uv": [6, 2, 10.5, 2.5], "texture": "#1"},
				"south": {"uv": [7.5, 8.5, 8.5, 9], "texture": "#1"},
				"west": {"uv": [6, 2.5, 10.5, 3], "texture": "#1"},
				"up": {"uv": [5, 4.5, 4, 0], "texture": "#1"},
				"down": {"uv": [5, 4.5, 4, 9], "texture": "#1"}
			}
		},
		{
			"from": [0, 0, 15],
			"to": [1, 1, 16],
			"rotation": {"angle": 0, "axis": "y", "origin": [0, 0, 15]},
			"faces": {
				"north": {"uv": [9.5, 1.5, 10, 2], "texture": "#1"},
				"east": {"uv": [2, 9.5, 2.5, 10], "texture": "#1"},
				"south": {"uv": [2.5, 9.5, 3, 10], "texture": "#1"},
				"west": {"uv": [3, 9.5, 3.5, 10], "texture": "#1"},
				"up": {"uv": [4, 10, 3.5, 9.5], "texture": "#1"},
				"down": {"uv": [4.5, 9.5, 4, 10], "texture": "#1"}
			}
		},
		{
			"from": [8, 0, 12],
			"to": [10, 1, 13],
			"rotation": {"angle": 0, "axis": "y", "origin": [9, 0, 3]},
			"faces": {
				"north": {"uv": [8.5, 8, 9.5, 8.5], "texture": "#1"},
				"east": {"uv": [4.5, 9.5, 5, 10], "texture": "#1"},
				"south": {"uv": [8.5, 8.5, 9.5, 9], "texture": "#1"},
				"west": {"uv": [5, 9.5, 5.5, 10], "texture": "#1"},
				"up": {"uv": [1, 9.5, 0, 9], "texture": "#1"},
				"down": {"uv": [2, 9, 1, 9.5], "texture": "#1"}
			}
		},
		{
			"from": [1, 0, 13],
			"to": [4, 1, 14],
			"rotation": {"angle": 0, "axis": "y", "origin": [9, 0, 3]},
			"faces": {
				"north": {"uv": [7, 8, 8.5, 8.5], "texture": "#1"},
				"east": {"uv": [9.5, 5, 10, 5.5], "texture": "#1"},
				"south": {"uv": [8, 7.5, 9.5, 8], "texture": "#1"},
				"west": {"uv": [5.5, 9.5, 6, 10], "texture": "#1"},
				"up": {"uv": [1.5, 9, 0, 8.5], "texture": "#1"},
				"down": {"uv": [6.5, 8.5, 5, 9], "texture": "#1"}
			}
		},
		{
			"from": [1, 0, 7],
			"to": [2, 1, 12],
			"rotation": {"angle": 0, "axis": "y", "origin": [1, 0, 11]},
			"faces": {
				"north": {"uv": [9.5, 5.5, 10, 6], "texture": "#1"},
				"east": {"uv": [0, 7, 2.5, 7.5], "texture": "#1"},
				"south": {"uv": [6, 9.5, 6.5, 10], "texture": "#1"},
				"west": {"uv": [6, 7, 8.5, 7.5], "texture": "#1"},
				"up": {"uv": [3, 9.5, 2.5, 7], "texture": "#1"},
				"down": {"uv": [3.5, 7, 3, 9.5], "texture": "#1"}
			}
		},
		{
			"from": [6, 0, 15],
			"to": [8, 1, 16],
			"rotation": {"angle": 0, "axis": "y", "origin": [6, 0, 15]},
			"faces": {
				"north": {"uv": [3.5, 9, 4.5, 9.5], "texture": "#1"},
				"east": {"uv": [9.5, 6, 10, 6.5], "texture": "#1"},
				"south": {"uv": [4.5, 9, 5.5, 9.5], "texture": "#1"},
				"west": {"uv": [6.5, 9.5, 7, 10], "texture": "#1"},
				"up": {"uv": [6.5, 9.5, 5.5, 9], "texture": "#1"},
				"down": {"uv": [7.5, 9, 6.5, 9.5], "texture": "#1"}
			}
		},
		{
			"from": [12, 0, 7],
			"to": [14, 1, 15],
			"rotation": {"angle": 0, "axis": "y", "origin": [14, 0, 6]},
			"faces": {
				"north": {"uv": [7.5, 9, 8.5, 9.5], "texture": "#1"},
				"east": {"uv": [6, 4, 10, 4.5], "texture": "#1"},
				"south": {"uv": [8.5, 9, 9.5, 9.5], "texture": "#1"},
				"west": {"uv": [6, 4.5, 10, 5], "texture": "#1"},
				"up": {"uv": [6, 4, 5, 0], "texture": "#1"},
				"down": {"uv": [6, 4, 5, 8], "texture": "#1"}
			}
		}
	],
	"display": {
		"thirdperson_righthand": {
			"rotation": [0, 90, 0],
			"translation": [0, 1.5, -2.5],
			"scale": [0.5, 0.5, 0.5]
		},
		"thirdperson_lefthand": {
			"rotation": [0, -90, 0],
			"translation": [0, 2.75, -2.5],
			"scale": [0.5, 0.5, 0.5]
		},
		"firstperson_righthand": {
			"rotation": [70, 90, 15],
			"translation": [3, 3.25, 1],
			"scale": [0.75, 0.75, 0.75]
		},
		"firstperson_lefthand": {
			"rotation": [70, -90, 0],
			"translation": [7.5, 4.25, 3.75]
		},
		"ground": {
			"translation": [0, 5.75, 0],
			"scale": [0.5, 0.5, 0.5]
		},
		"gui": {
			"rotation": [90, 90, 0],
			"translation": [-1.25, 0, 0]
		},
		"head": {
			"rotation": [-130, -82, 0],
			"scale": [4, 4, 4]
		},
		"fixed": {
			"rotation": [-90, -90, 0],
			"translation": [1, 0, -7.5]
		}
	},
	"groups": [
		{
			"name": "group",
			"origin": [8, 8, 8],
			"color": 0,
			"children": [0, 1, 2, 3, 4, 5, 6, 7, 8, 9, 10, 11]
		}
	]
}